keyword,frequency
media,470
work,399
experience,394
data,295
research,274
news,250
skills,247
content,231
team,225
social,217
ability,199
including,173
information,161
digital,151
university,150
new,146
communications,144
working,141
job,140
marketing,138
program,135
strong,135
journalism,131
support,128
development,128
position,116
software,110
projects,104
apply,101
public,101
knowledge,101
writing,101
stories,101
candidates,100
web,99
management,98
develop,98
design,98
world,97
degree,93
status,93
related,93
include,91
business,91
programs,90
opportunity,89
through,89
internship,89
online,87
learning,86
applications,86
communication,82
staff,82
journalists,81
company,80
environment,80
national,80
production,80
professional,79
years,78
excellent,78
please,78
preferred,77
relations,77
time,76
education,75
platforms,75
employer,74
application,74
internal,74
students,74
provide,73
required,73
help,72
candidate,71
editorial,71
using,69
systems,68
reporting,68
ideas,68
analysis,67
responsibilities,67
technology,67
manage,66
employment,66
creative,66
across,66
local,66
equal,65
college,65
department,64
science,64
tools,64
website,64
school,63
areas,63
gender,62
looking,62
events,62
student,62
build,61
developing,61
computer,61
community,61
qualifications,59
role,58
disability,58
law,58
industry,58
audience,58
assist,58
best,57
number,57
multiple,57
written,57
based,56
faculty,56
press,56
join,55
relevant,55
video,55
intern,55
cancer,54
high,54
individuals,54
andor,54
understanding,53
applicants,53
make,52
under,52
building,52
requirements,52
interns,52
report,51
diversity,51
analytics,51
benefits,51
field,50
color,50
used,50
service,50
director,50
current,49
into,49
opportunities,49
interest,49
cover,49
letter,49
should,49
maintain,49
only,48
veteran,48
impact,48
global,48
office,47
origin,47
age,47
religion,47
teaching,47
duties,47
diverse,47
members,47
key,47
closely,47
editing,47
create,47
msk,46
career,46
clinical,46
qualified,46
expected,46
people,46
2018,45
managing,45
race,45
identity,45
programming,45
graduate,45
strategic,45
demonstrated,45
minimum,45
story,45
background,44
engineering,44
brand,44
top,43
employees,43
use,43
part,43
orientation,43
reasonable,43
learn,43
organization,42
meet,42
sexual,42
various,42
editor,42
resume,42
project,41
federal,41
responsible,40
action,40
committed,40
variety,40
email,40
member,39
health,39
than,39
senior,39
way,38
complex,38
accommodation,38
plus,38
academic,38
2019,38
undergraduate,38
needs,38
services,38
issues,38
technical,38
state,38
show,38
daily,38
paid,38
excellence,37
highly,37
successful,37
campus,37
provides,37
range,37
internet,37
mission,36
seeking,36
efforts,36
regard,36
most,36
hong,36
innovation,35
leading,35
training,35
basis,35
creating,35
machine,35
activities,35
reports,35
healthcare,34
day,34
around,34
international,34
full,34
considered,34
multimedia,34
essential,34
produce,34
goals,33
perform,33
additional,33
strategy,33
while,33
changing,32
ensure,32
products,32
process,32
visual,32
medical,32
innovative,32
site,32
growth,32
leadership,32
offers,32
salary,32
materials,32
print,32
protected,32
network,32
personal,32
hours,32
policy,32
kong,32
year,31
great,31
lead,31
contribute,31
consideration,31
providing,31
recruitment,31
record,31
campaigns,31
deadlines,31
coordinator,31
strategies,31
wamu,31
plan,30
conduct,30
planning,30
audiences,30
receive,30
following,30
review,30
ideal,30
standards,30
expertise,30
independently,30
positions,30
coverage,30
send,30
channels,30
manager,30
list,29
database,29
bachelors,29
professor,29
graphics,29
assistant,29
sources,29
excel,29
1,29
promote,29
relationships,29
general,29
share,29
market,29
together,28
every,28
bioinformatics,28
live,28
aspects,28
initiatives,28
competitive,28
departments,28
attention,28
via,28
special,28
flexible,28
individual,28
first,28
solutions,27
assigned,27
effective,27
level,27
familiarity,27
storytelling,27
phd,27
care,27
contact,27
offer,27
write,27
youll,27
tasks,27
center,27
now,27
jobsdb,27
group,26
take,26
effectively,26
expression,26
technologies,26
seo,26
engaging,26
york,26
per,26
audio,26
english,26
affairs,26
american,26
10,26
growing,26
art,26
ref,26
institutional,26
place,25
making,25
dynamic,25
computational,25
requires,25
implement,25
performance,25
success,25
organizational,25
least,25
journalist,25
demonstrate,25
deep,25
problems,25
detail,25
google,25
focus,25
get,25
sex,25
region,25
twitter,25
topics,25
customer,25
pitch,25
executive,25
sales,25
clients,25
product,25
laboratory,25
need,24
affirmative,24
tell,24
engage,24
trends,24
engagement,24
culture,24
articles,24
coordinate,24
professionals,24
directly,24
assessment,24
save,24
desired,24
search,24
life,23
partnerships,23
potential,23
language,23
fulltime,23
networks,23
collaborate,23
includes,23
practices,23
open,23
washington,23
associate,23
account,23
marital,23
newsroom,23
edit,23
journalistic,23
event,23
platform,23
council,23
forward,22
patient,22
resources,22
handle,22
proficiency,22
recruiting,22
encouraged,22
experienced,22
division,22
limited,22
worlds,22
financial,22
system,22
set,22
available,22
interested,22
specific,22
corporate,22
ap,22
code,22
out,22
companies,22
cloudflare,22
here,21
track,21
deliver,21
databases,21
different,21
creed,21
existing,21
pr,21
operations,21
quality,21
access,21
interactive,21
statement,21
intelligence,21
area,21
reporters,21
needed,21
judgment,21
strongly,21
summer,21
prepare,21
interpersonal,21
works,21
wellness,21
free,21
dataminr,21
description,20
outcomes,20
right,20
collaboration,20
results,20
communicate,20
timely,20
decisions,20
generation,20
disabilities,20
documents,20
outstanding,20
publications,20
week,20
comfortable,20
proven,20
location,20
during,20
analytical,20
appropriate,20
wide,20
security,20
michigan,20
comprehensive,20
breaking,20
style,20
producer,20
copy,20
blog,20
leaders,20
page,20
reference,20
institute,20
researchers,19
large,19
identify,19
accuracy,19
require,19
examples,19
change,19
advanced,19
expert,19
deadline,19
scientists,19
models,19
serve,19
verbal,19
after,19
submitted,19
several,19
largest,19
goal,19
publishing,19
investigative,19
vision,19
newspaper,19
fastpaced,19
mpr,19
podcast,19
radio,19
interviews,19
maintaining,19
administrative,19
pressure,19
advertising,19
emerging,19
internships,19
ad,19
legal,19
user,19
advancement,19
testing,19
named,18
computing,18
passionate,18
someone,18
priorities,18
upon,18
reach,18
like,18
equivalent,18
inclusion,18
decision,18
seeks,18
languages,18
organizations,18
curriculum,18
reporter,18
trade,18
partners,18
processes,18
active,18
credit,18
hiring,18
real,18
feature,18
solid,18
political,18
facebook,18
higher,18
major,18
among,18
person,18
basic,18
supporting,18
markets,18
teams,18
gain,18
external,18
fashion,18
customers,18
improving,17
engineers,17
tracking,17
order,17
does,17
python,17
enhance,17
visit,17
women,17
groups,17
5,17
exceptional,17
regional,17
producing,17
practice,17
abilities,17
microsoft,17
ambitious,17
submit,17
independent,17
enterprise,17
direction,17
politics,17
contributing,17
releases,17
value,17
proud,16
details,16
monitor,16
sequencing,16
quickly,16
3,16
procedures,16
format,16
initiative,16
broadcast,16
bring,16
questions,16
methods,16
package,16
overall,16
improve,16
emphasis,16
discipline,16
urban,16
everify,16
want,16
editors,16
phone,16
human,16
assistance,16
plans,16
photography,16
publication,16
graphic,16
california,16
centers,16
experiences,16
documentation,16
finance,16
specialist,16
•,16
mills,16
discovery,15
driving,15
oversee,15
equipment,15
addition,15
institution,15
recognized,15
presence,15
critical,15
ways,15
levels,15
see,15
visualization,15
presentation,15
rank,15
startup,15
located,15
original,15
collaborative,15
dedicated,15
discriminate,15
willing,15
states,15
associated,15
source,15
15,15
guests,15
shows,15
passion,15
oral,15
values,15
weekend,15
writers,15
samples,15
arts,15
small,15
prior,15
leave,15
50,15
positive,15
would,15
children,15
cai,15
150,14
places,14
difference,14
act,14
engineer,14
drive,14
throughout,14
find,14
analyze,14
applicable,14
conferences,14
association,14
membership,14
generate,14
administration,14
references,14
date,14
compliance,14
check,14
direct,14
subject,14
distribution,14
above,14
skill,14
asia,14
respond,14
mass,14
mobile,14
regular,14
eye,14
image,14
sciences,14
keen,14
employee,14
pregnancy,14
each,14
better,14
lcd,14
emma,14
san,14
overview,13
sloan,13
kettering,13
choice,13
stay,13
complete,13
keep,13
collaboratively,13
sign,13
specialized,13
interdisciplinary,13
techniques,13
opportunityaffirmative,13
solve,13
statistics,13
optimization,13
delivering,13
currently,13
expect,13
own,13
type,13
requirement,13
ona,13
posting,13
simultaneously,13
master,13
future,13
evaluate,13
founded,13
rights,13
challenges,13
manner,13
letters,13
consider,13
important,13
magazine,13
portfolio,13
instagram,13
talented,13
laws,13
very,13
travel,13
understand,13
institutes,13
schedule,13
post,13
facilitate,13
iop,13
fairs,13
memorial,12
motivated,12
requests,12
processing,12
meetings,12
finding,12
insights,12
lab,12
employers,12
schools,12
fields,12
commitment,12
metrics,12
presentations,12
selfstarter,12
off,12
dc,12
appointment,12
offering,12
checks,12
core,12
compelling,12
dental,12
monitoring,12
juggle,12
assignments,12
spirit,12
bachelor,12
calls,12
interact,12
worldwide,12
eca,12
freedom,12
sports,12
885,12
united,12
pm,12
start,12
handson,12
highest,12
tech,12
participate,12
between,12
careers,12
annual,12
videos,12
text,12
coordinating,12
12,12
advance,12
scholars,12
short,12
today,12
solving,12
sp,12
think,12
educational,12
creation,12
generous,12
awareness,12
private,12
spoken,12
maintenance,12
features,12
algorithms,12
aamc,12
treat,11
thinks,11
pushing,11
28th,11
hospital,11
beckers,11
glassdoors,11
treating,11
exciting,11
analyst,11
close,11
meeting,11
stakeholders,11
even,11
objectives,11
communicator,11
capable,11
operate,11
applying,11
next,11
factor,11
lawfully,11
alternate,11
interpreter,11
tenuretrack,11
100,11
million,11
visibility,11
begin,11
designers,11
genomic,11
collected,11
20,11
entrepreneurial,11
along,11
patients,11
java,11
eg,11
september,11
ms,11
cloud,11
universities,11
recently,11
contingent,11
physical,11
test,11
know,11
pay,11
html,11
november,11
remote,11
genetic,11
fluency,11
primary,11
implementing,11
interview,11
500,11
completion,11
published,11
love,11
parttime,11
ensuring,11
integrity,11
received,11
family,11
updating,11
partnership,11
commensurate,11
berkeley,11
colleges,11
principles,11
forms,11
images,11
become,11
youre,11
update,11
serves,11
weeks,11
monthly,11
broad,11
target,11
months,11
promotion,11
websites,11
supports,11
youth,11
molecular,11
neuroscience,11
cultural,11
oncology,10
scale,10
resource,10
consistently,10
achieving,10
executing,10
skilled,10
supported,10
cuttingedge,10
researching,10
outreach,10
transform,10
control,10
medicine,10
scientist,10
actionable,10
scientific,10
necessary,10
advocacy,10
document,10
analyzing,10
encourage,10
analysts,10
concepts,10
assess,10
single,10
networking,10
sponsored,10
fast,10
contributions,10
newsletters,10
posts,10
significant,10
producers,10
pitching,10
adapt,10
responsibility,10
context,10
characteristic,10
supervision,10
desirable,10
conducting,10
arrange,10
desk,10
colleagues,10
industries,10
experts,10
preferably,10
creativity,10
once,10
est,10
similar,10
guide,10
link,10
secure,10
word,10
society,10
leads,10
driven,10
messaging,10
purpose,10
sense,10
uchicago,10
offices,10
intellectual,10
volunteer,10
bloggers,10
sector,10
leveraged,10
compensation,10
faster,10
chi,10
participants,10
evaluation,10
precision,10
largescale,10
pathology,10
rit,10
meaningful,9
genomics,9
organize,9
daytoday,9
nextgeneration,9
request,9
achieve,9
past,9
masters,9
reputation,9
further,9
invites,9
possess,9
willingness,9
might,9
courses,9
types,9
terms,9
particular,9
regularly,9
approach,9
resolve,9
efficient,9
ann,9
depending,9
informatics,9
established,9
agencies,9
roles,9
eligibility,9
backgrounds,9
outside,9
managers,9
before,9
writer,9
form,9
covering,9
accordance,9
insurance,9
home,9
virginia,9
spring,9
unique,9
summary,9
craft,9
creates,9
central,9
shoot,9
applicant,9
outlets,9
long,9
hbs,9
actively,9
selection,9
provided,9
npr,9
sound,9
adobe,9
add,9
exhibit,9
street,9
apps,9
ethics,9
connect,9
attitude,9
inhouse,9
onsite,9
enrolled,9
execute,9
times,9
promotional,9
branding,9
wwd,9
voice,9
realtime,9
present,9
2016,9
tier,9
challenging,9
command,9
selfmotivated,9
advantage,9
integrate,9
unit,9
2,9
publicity,9
retention,9
athletics,9
tobacco,9
accuweather,9
t,9
progress,8
then,8
believe,8
edge,8
against,8
things,8
thorough,8
genetics,8
statistical,8
r,8
activity,8
play,8
pipelines,8
natural,8
c,8
expand,8
app,8
establish,8
curious,8
end,8
especially,8
explore,8
modeling,8
suite,8
cis,8
michigandearborn,8
degrees,8
game,8
theory,8
funded,8
scholarly,8
earned,8
umdearborn,8
respective,8
detroit,8
city,8
dont,8
thrive,8
enthusiasm,8
hosts,8
contacts,8
inquiries,8
30,8
rapidly,8
purposes,8
history,8
thought,8
helping,8
manages,8
1a,8
dcist,8
produced,8
onair,8
attend,8
interests,8
asuccessfulu,8
bases,8
alumni,8
spending,8
communities,8
developers,8
assets,8
numerous,8
awards,8
focused,8
function,8
venues,8
conference,8
serving,8
functions,8
minimal,8
maintains,8
problem,8
•ability,8
confidence,8
lives,8
chicago,8
profiles,8
formats,8
occasionally,8
given,8
either,8
uptodate,8
inform,8
lists,8
hard,8
proficient,8
classification,8
unemployment,8
heshe,8
government,8
budget,8
donor,8
superior,8
followers,8
departmental,8
follow,8
designed,8
enthusiastic,8
blogs,8
authority,8
reaches,8
2017,8
advancing,8
overseas,8
implementation,8
chinese,8
wan,8
hr,8
integrated,8
detailed,8
renewal,8
calendar,8
player,8
wallace,8
photoshop,8
performing,8
workplace,8
stack,8
columbia,8
ncaa,8
ivy,8
intercollegiate,8
diego,8
apis,8
jetzy,8
delivery,7
taking,7
additionally,7
fit,7
investment,7
hire,7
javascript,7
collection,7
extensive,7
scholarship,7
curiosity,7
foundation,7
advising,7
instructions,7
power,7
quantitative,7
methodologies,7
sql,7
recommendations,7
ongoing,7
findings,7
modern,7
drupal,7
everyone,7
treatment,7
excited,7
scope,7
vitae,7
attracts,7
performed,7
contract,7
jobs,7
behavior,7
citizenship,7
investigations,7
topic,7
enjoy,7
notes,7
premier,7
energetic,7
situations,7
entertainment,7
note,7
line,7
recognition,7
entrepreneurship,7
ai,7
profile,7
studies,7
booking,7
screen,7
scripts,7
affinity,7
constantly,7
asset,7
fall,7
400,7
evidence,7
effectiveness,7
disciplines,7
promoting,7
harvard,7
awardwinning,7
practical,7
freelance,7
tight,7
setting,7
latest,7
eligible,7
distributed,7
transportation,7
operation,7
subjects,7
adviser,7
highquality,7
minorities,7
demonstrates,7
snacks,7
campaign,7
oriented,7
nation,7
ranked,7
enabling,7
institutions,7
globe,7
podcasts,7
matters,7
influencers,7
sets,7
big,7
beat,7
familiar,7
photos,7
graduation,7
links,7
inclusive,7
sharing,7
proofreading,7
drafting,7
class,7
bonus,7
fun,7
representatives,7
users,7
treated,7
unpaid,7
gpa,7
4,7
path,7
particularly,7
regards,7
electronic,7
interfaces,7
fundraising,7
coordination,7
infographics,7
referred,7
executives,7
feeds,7
expenses,7
fully,7
cv,7
clicking,7
luxury,7
promotions,7
invited,7
unsuccessful,7
leader,7
android,7
productivity,7
hkpc,7
increase,7
young,7
helpful,7
photo,7
apha,7
acr,7
biological,7
infrastructure,7
promotes,7
restful,7
rtm,7
alumnae,7
participation,7
lims,7
advertisers,7
mpowerd,7
ideasmyth,7
contemporary,6
liaison,6
entry,6
train,6
clear,6
organized,6
universitys,6
architecture,6
labs,6
result,6
continue,6
until,6
veterans,6
insight,6
consistent,6
creatively,6
graphical,6
savvy,6
array,6
grow,6
crm,6
traffic,6
interpret,6
approaches,6
points,6
running,6
eager,6
names,6
salaries,6
bs,6
comes,6
doctoral,6
regions,6
commute,6
administrator,6
hired,6
nonprofit,6
perspectives,6
often,6
alongside,6
domain,6
shape,6
narrative,6
collect,6
protect,6
headlines,6
longterm,6
elements,6
updates,6
west,6
mindset,6
broadcasts,6
primarily,6
studios,6
room,6
listener,6
screening,6
balance,6
occasional,6
cpj,6
proactively,6
alerts,6
accounts,6
accurately,6
selected,6
ethical,6
engaged,6
landscape,6
provider,6
since,6
thinking,6
weekly,6
worldclass,6
temporary,6
hour,6
made,6
january,6
14,6
kojo,6
nnamdi,6
airs,6
hope,6
nearly,6
specifically,6
coursework,6
emails,6
means,6
portal,6
select,6
successfully,6
encourages,6
dependents,6
holidays,6
indepth,6
inspire,6
secondary,6
consumers,6
space,6
23,6
informed,6
401k,6
revenue,6
develops,6
partner,6
assists,6
determines,6
helps,6
oversees,6
divisions,6
vital,6
nature,6
nondiscrimination,6
hgses,6
strengths,6
dedication,6
fluent,6
multitask,6
workforce,6
energy,6
assisting,6
possible,6
buzzfeed,6
brings,6
matter,6
execution,6
anyone,6
read,6
catered,6
beverages,6
kitchen,6
graduates,6
varied,6
exceed,6
completed,6
marketer,6
friendly,6
child,6
themselves,6
loan,6
economic,6
sectors,6
workshops,6
liaise,6
webfx,6
jr,6
fill,6
verify,6
publishers,6
created,6
keywords,6
client,6
parent,6
wordpress,6
brands,6
ahead,6
weve,6
funds,6
investors,6
electrical,6
savings,6
proactive,6
distribute,6
orders,6
cantonese,6
powerpoint,6
remuneration,6
influential,6
greater,6
reliable,6
sr,6
just,6
ground,6
ura,6
businesses,6
8,6
click,6
traditional,6
enjoys,6
6,6
vendors,6
flexibility,6
developments,6
confluence,6
specifications,6
front,6
mining,6
fsm,6
cell,6
technological,6
consultation,6
guidance,6
trauma,6
facilities,6
dna,6
hardware,6
assays,6
ontologies,6
programmer,6
server,6
interface,6
limit,6
workflows,6
cmo,6
translational,6
chapman,6
wappp,6
cloudflares,6
contribution,5
wants,5
biology,5
imaging,5
collaborator,5
mentor,5
yourself,5
sometimes,5
aligned,5
lipost,5
hires,5
11,5
css,5
foster,5
committee,5
equality,5
military,5
doctors,5
visualize,5
involving,5
lifa1,5
talent,5
standard,5
setup,5
datasets,5
talking,5
pertaining,5
salesforce,5
benefit,5
entire,5
changes,5
analyses,5
identifying,5
scheduling,5
concept,5
match,5
capacity,5
cases,5
complexity,5
gathering,5
economics,5
starting,5
artificial,5
200,5
henry,5
third,5
party,5
fair,5
participates,5
identified,5
markup,5
housing,5
powerful,5
cost,5
come,5
country,5
heart,5
interesting,5
because,5
there,5
clean,5
go,5
reed,5
highprofile,5
assignment,5
telling,5
covers,5
bookings,5
book,5
recent,5
demands,5
frequent,5
exposure,5
weather,5
europe,5
exempt,5
previous,5
pieces,5
los,5
angeles,5
storyteller,5
accredited,5
tv,5
publish,5
disseminate,5
keeps,5
books,5
sponsorship,5
union,5
7,5
relationship,5
qualitative,5
broader,5
expectations,5
18,5
25,5
1159,5
run,5
april,5
trainings,5
invitations,5
connects,5
america,5
ask,5
thinker,5
kinds,5
guides,5
tone,5
food,5
quick,5
host,5
resourceful,5
feedback,5
influence,5
shifting,5
operates,5
collectively,5
engages,5
lsu,5
teach,5
determine,5
carry,5
weekends,5
board,5
days,5
head,5
correspondence,5
personnel,5
easily,5
strict,5
same,5
utilizing,5
decisionmaking,5
series,5
discussions,5
classes,5
e,5
workflow,5
generating,5
pages,5
measurement,5
stock,5
interacting,5
relevance,5
december,5
second,5
visualizations,5
civic,5
toughest,5
speed,5
kind,5
tackle,5
give,5
mentorship,5
nyc,5
interviewing,5
fitness,5
fact,5
ny,5
angles,5
coming,5
offered,5
ratings,5
accounting,5
ospc,5
aei,5
lunch,5
advertised,5
oneonone,5
overseeing,5
discretion,5
potentially,5
below,5
continuously,5
placement,5
interaction,5
35,5
wall,5
beauty,5
countries,5
organizing,5
inc,5
usa,5
charts,5
highimpact,5
revolutionized,5
super,5
tool,5
hedge,5
receiving,5
accolades,5
forbes,5
backed,5
having,5
humancentered,5
icml,5
perks,5
outofpocket,5
transit,5
parking,5
dependent,5
stocked,5
gym,5
cms,5
putonghua,5
store,5
enquiries,5
hk,5
organise,5
mandarin,5
hktdc,5
exhibitions,5
buyers,5
official,5
parties,5
conviction,5
dow,5
jones,5
agency,5
total,5
magazines,5
developer,5
agile,5
relation,5
telum,5
datadriven,5
designer,5
challenge,5
optimize,5
engine,5
programmatic,5
month,5
cutting,5
connections,5
makes,5
net,5
reflect,5
evening,5
designing,5
items,5
demonstrable,5
handles,5
files,5
collegiate,5
athletic,5
presidents,5
tumor,5
clinicians,5
novel,5
deployment,5
biomedical,5
troubleshooting,5
coding,5
contributors,5
shaping,5
â€,5
recreation,5
committees,5
runs,5
advances,4
apart,4
interpretation,4
solution,4
cycle,4
commitments,4
contradictory,4
circumstances,4
adept,4
shared,4
obstacles,4
queries,4
signature,4
august,4
priority,4
filled,4
intersection,4
recruit,4
scala,4
tensorflow,4
journals,4
leverage,4
tactics,4
agenda,4
translate,4
keyword,4
response,4
mathematics,4
native,4
increasing,4
options,4
demand,4
defining,4
sample,4
true,4
increased,4
answer,4
adding,4
realworld,4
robust,4
pdf,4
httpapplyinterfoliocom56046applications,4
careersumichedu,4
reviewedthe,4
distrubted,4
scienceaimaching,4
although,4
packagesthe,4
energyefficient,4
wearable,4
sensors,4
industriesqualified,4
levelsqualified,4
levelsthe,4
campuses,4
continuing,4
residents,4
southeastern,4
9000,4
respected,4
universitythe,4
acres,4
ford,4
estate,4
dearborn,4
centrally,4
americas,4
geographically,4
suburban,4
rural,4
suburbs,4
arborthe,4
conducts,4
acceptance,4
actthe,4
far,4
clause,4
confirmed,4
requirementthe,4
investigate,4
rigorous,4
wont,4
extra,4
protecting,4
relocation,4
retirement,4
begins,4
call,4
fellowship,4
deadlinedriven,4
angela,4
invite,4
youd,4
guest,4
conditions,4
hands,4
moderate,4
atmosphere,4
protects,4
attacks,4
expanding,4
due,4
exclusive,4
ca,4
semester,4
early,4
rich,4
half,4
newsletter,4
visitors,4
employ,4
flow,4
specialists,4
supervises,4
differences,4
station,4
period,4
winterspring,4
itself,4
shorter,4
aims,4
beats,4
talk,4
noon,4
maryland,4
exposed,4
log,4
myau,4
tile,4
theworklineamericanedu,4
regulations,4
appearance,4
affiliation,4
income,4
manship,4
louisiana,4
flagship,4
directed,4
justice,4
enterprising,4
outdoor,4
percent,4
award,4
kerri,4
builds,4
prospecting,4
numbers,4
consumer,4
prospects,4
problemsolving,4
implements,4
innovations,4
accompany,4
constituencies,4
appreciation,4
briefs,4
clearly,4
achievements,4
medium,4
desire,4
uploaded,4
policies,4
announcements,4
flair,4
common,4
trusted,4
12week,4
coworkers,4
abide,4
speaking,4
describe,4
qualities,4
respect,4
policymakers,4
ma,4
towards,4
loves,4
interactions,4
legally,4
pitches,4
46,4
properties,4
providers,4
budding,4
ideally,4
boston,4
protection,4
takes,4
risk,4
subscribers,4
whose,4
london,4
industryleading,4
yield,4
point,4
domestic,4
eeo,4
speakers,4
visits,4
strengthen,4
trips,4
prioritize,4
superb,4
scheduled,4
33k,4
36k,4
blogging,4
motion,4
few,4
250,4
matching,4
dress,4
retailers,4
trending,4
pmc,4
delivers,4
connected,4
iconic,4
concise,4
body,4
internshipabout,4
gannett,4
uk,4
try,4
vast,4
step,4
groundbreaking,4
detects,4
classifies,4
significance,4
cnbc,4
disruptive,4
definitive,4
2009,4
venture,4
placing,4
enduser,4
cvpr,4
nips,4
experiments,4
principled,4
discounted,4
phds,4
libm,4
quoting,4
inventory,4
hear,4
suitable,4
enable,4
accurate,4
draft,4
answers,4
known,4
gets,4
storage,4
address,4
cultivate,4
deemed,4
fortune,4
aesthetic,4
western,4
2014,4
piece,4
youtube,4
attract,4
organic,4
engines,4
internally,4
externally,4
wed,4
optimisation,4
reviews,4
jobelephantcom,4
reservedposted,4
valueadded,4
poynter,4
newsrooms,4
vice,4
president,4
performs,4
rewarding,4
fostering,4
always,4
framework,4
push,4
comfortably,4
rest,4
backend,4
pathways,4
emotional,4
cultures,4
name,4
cpr,4
sure,4
copyediting,4
webbased,4
forefront,4
updated,4
reimbursement,4
league,4
imperative,4
adherence,4
rules,4
regulationscolumbia,4
involvement,4
transfer,4
chief,4
ready,4
integration,4
windows,4
showcase,4
sheets,4
medill,4
northwestern,4
francisco,4
addresses,4
museum,4
dissemination,4
economy,4
circulation,4
historical,4
seek,4
detailing,4
debugging,4
detection,4
dale,4
sarah,4
fowler,4
saarr,4
generated,4
privacy,4
galileo,4
athenian,4
back,4
1111,4
released,4
ever,4
citycountry,4
edipresse,4
chai,4
biostatistics,3
main,3
completing,3
highthroughput,3
charge,3
resolving,3
resolution,3
decisionmaker,3
moving,3
notable,3
setbacks,3
detours,3
obvious,3
look,3
detailoriented,3
proteomics,3
syracuse,3
strategically,3
underrepresented,3
fastmoving,3
ones,3
consulting,3
collaborating,3
frameworks,3
nam,3
message,3
manufacturers,3
spot,3
visually,3
dashboards,3
applied,3
efficiency,3
alignment,3
confident,3
side,3
surgical,3
mathematical,3
delivered,3
empower,3
impactful,3
proof,3
staffing,3
anticipated,3
operating,3
display,3
timing,3
case,3
nontechnical,3
perspective,3
forecasting,3
simulation,3
undertake,3
vba,3
regression,3
societal,3
affecting,3
raise,3
hypotheses,3
strategize,3
article,3
editorinchief,3
worked,3
spent,3
facts,3
pet,3
presented,3
docs,3
capital,3
presidential,3
newspapers,3
beginning,3
october,3
minnesota,3
worth,3
davis,3
listeners,3
succeed,3
mprnewsorg,3
asked,3
locate,3
clarity,3
studio,3
widely,3
fresh,3
react,3
faces,3
volume,3
abc7,3
anchor,3
anchoring,3
supportive,3
approximately,3
reality,3
oct,3
addressed,3
material,3
practitioners,3
knowledges,3
library,3
contributes,3
sites,3
videographers,3
linkedin,3
align,3
sophisticated,3
followthrough,3
visa,3
grade,3
non,3
represent,3
authorized,3
amount,3
average,3
schedules,3
determined,3
homepage,3
authoritative,3
too,3
highlights,3
lens,3
literature,3
multiplatform,3
ranging,3
assessing,3
experiential,3
democracy,3
sick,3
tuition,3
environmental,3
9,3
logistics,3
dslr,3
adventure,3
view,3
reaching,3
dive,3
perfect,3
directors,3
selling,3
advertisements,3
sponsorships,3
sponsor,3
contracts,3
collections,3
venue,3
enewsletters,3
webinars,3
spokesperson,3
understood,3
evaluating,3
incoming,3
gives,3
confidentiality,3
advisories,3
edits,3
administrators,3
maximize,3
affiliates,3
•strong,3
acumen,3
experiencetraining,3
park,3
podcasting,3
larger,3
recording,3
section,3
ethnic,3
increasingly,3
suited,3
regardless,3
tact,3
enough,3
marketingcommunications,3
admissions,3
upload,3
attach,3
governing,3
3d,3
knowledgeable,3
submission,3
retain,3
accomplishments,3
grounded,3
hourly,3
dates,3
negotiable,3
outgoing,3
chance,3
last,3
allow,3
later,3
journal,3
factchecking,3
everyday,3
physicians,3
personalized,3
marketers,3
skillset,3
down,3
usergenerated,3
photographers,3
fellows,3
developed,3
smart,3
preference,3
characteristics,3
exchange,3
ri,3
classified,3
healthy,3
safe,3
prohibited,3
abuse,3
dozen,3
entered,3
expansion,3
investor,3
capability,3
raceethnicity,3
civil,3
unions,3
transparent,3
github,3
optional,3
34,3
ranking,3
costs,3
substantive,3
collaborates,3
supplemental,3
correct,3
supervise,3
donors,3
gifts,3
grant,3
competencies,3
confidential,3
forum,3
reddit,3
defined,3
friends,3
viral,3
critically,3
breakdown,3
trend,3
elite,3
coffee,3
bar,3
yoga,3
ira,3
buyer,3
bible,3
readership,3
penske,3
property,3
retail,3
lifestyle,3
internshipdesired,3
healthjump,3
possibility,3
fouryear,3
stored,3
winning,3
libraries,3
comfort,3
sounds,3
nlp,3
iccv,3
titles,3
intelligent,3
incorporating,3
sourcing,3
prioritise,3
personality,3
visiting,3
renewable,3
eight,3
closing,3
assume,3
insightful,3
corporations,3
globally,3
governments,3
categories,3
bentley,3
tower,3
permanent,3
exhibition,3
b2b,3
multitasking,3
evolving,3
communicating,3
holistic,3
enhancement,3
hand,3
selecting,3
asian,3
shortform,3
raised,3
eastern,3
amazing,3
exploring,3
base,3
organically,3
measure,3
speak,3
collateral,3
rather,3
ambition,3
keynote,3
universityjob,3
unparalleled,3
uc,3
foundations,3
identifies,3
startups,3
individually,3
broadly,3
shares,3
concert,3
coaching,3
persuasive,3
debug,3
aid,3
ambassador,3
environments,3
contractor,3
affect,3
topnotch,3
impeccable,3
longer,3
visuals,3
conceptualize,3
illustrator,3
title,3
south,3
north,3
camera,3
packages,3
adult,3
settings,3
generates,3
juggling,3
layout,3
supervisory,3
remain,3
enewsletter,3
cumcs,3
officer,3
exercise,3
ethic,3
scri,3
modify,3
excitement,3
sequence,3
diagnostics,3
cellfree,3
version,3
worklife,3
layoff,3
nih,3
nif,3
niddk,3
involved,3
diplomacy,3
mysql,3
longform,3
sfn,3
searching,3
targets,3
recommendation,3
accessibility,3
httpcommunicationucsdedu,3
focuses,3
boundaries,3
climate,3
equity,3
transcript,3
versioning,3
customercentric,3
diagnosis,3
characterization,3
specimens,3
heterogeneous,3
enhancements,3
mskcc,3
wvu,3
accreditation,3
pa,3
pri,3
lifelong,3
measurable,3
pathologists,3
exceptionally,3
instructional,3
dsis,3
dhi,3
stateoftheart,3
hks,3
consistency,3
constituents,3
golisano,3
ist,3
records,3
accommodations,3
converse,3
wwwconverseedu,3
mailing,3
millions,3
never,3
eyes,3
powers,3
trillion,3
entrepreneurs,3
nonprofits,3
soul,3
fundamental,3
politically,3
artistically,3
defend,3
otherwise,3
censor,3
already,3
customersat,3
midcareer,3
loved,3
zendesk,3
adwords,3
commissions,3
pytorch,3
scikitlearn,3
varies,3
positionsjetzy,3
incredible,3
positionsthe,3
sponsors,3
retrieval,3
epidemiology,2
collaborators,2
wish,2
ultimately,2
allocation,2
accountable,2
tough,2
prioritizing,2
resilient,2
recovering,2
situation,2
si,2
newhouse,2
elevate,2
html5,2
interactives,2
experimental,2
projectbased,2
force,2
multidisciplinary,2
inside,2
prevent,2
cure,2
integral,2
operational,2
combine,2
toptier,2
noise,2
patterns,2
behalf,2
oversight,2
conversion,2
rate,2
compile,2
listening,2
kpis,2
appealing,2
benchmarks,2
rapid,2
thriving,2
adapting,2
manufacturing,2
sprout,2
simply,2
joining,2
allows,2
rare,2
surgery,2
involve,2
collecting,2
transforming,2
predict,2
constraints,2
duration,2
validate,2
highlevel,2
predictive,2
math,2
hungry,2
linear,2
dynamics,2
spss,2
welcome,2
illuminate,2
impacts,2
raising,2
inventive,2
teambased,2
mix,2
spreadsheets,2
automated,2
explanatory,2
explain,2
judgement,2
led,2
cultivating,2
diligent,2
costsadditional,2
arkansas,2
deputy,2
determining,2
breakingnews,2
firm,2
grasp,2
sections,2
downtown,2
ownership,2
aptitude,2
untold,2
hosted,2
minnesotans,2
conversation,2
youve,2
got,2
chops,2
teamwork,2
preinterview,2
confirm,2
rundown,2
promos,2
factcheck,2
rebroadcast,2
sourcesguests,2
rewrite,2
briefing,2
greet,2
reads,2
accordingly,2
industryspecific,2
none,2
sit,2
stand,2
healthier,2
breadth,2
defending,2
violations,2
activists,2
appeal,2
handling,2
attn,2
dept,2
circle,2
glendale,2
91201,2
femaleminorityveterandisabilitysexual,2
orientationgender,2
drake,2
ninemonth,2
collegial,2
welcoming,2
undergraduates,2
embraces,2
preparing,2
consecutiveterm,2
condition,2
storytellers,2
dean,2
academics,2
newest,2
leveraging,2
authors,2
yet,2
facets,2
included,2
hbsjobsharvard,2
unable,2
opportunityexplore,2
httpwwwhbseduemployment,2
00,2
adhere,2
dealing,2
metro,2
older,2
length,2
maximum,2
sunday,2
pleased,2
recieve,2
dcissues,2
pop,2
humorwith,2
mirrorhelping,2
mondayfriday,2
am12,2
ondemand,2
livestream,2
certain,2
matched,2
upholding,2
districtpublishing,2
tales,2
curiosities,2
useful,2
playful,2
digging,2
inequality,2
tweets,2
monday,2
thursday,2
friday,2
resident,2
tom,2
sherwood,2
dots,2
happening,2
houses,2
annapolis,2
richmond,2
folded,2
captivating,2
wellread,2
abroad,2
aspiring,2
fastchanging,2
impart,2
lasting,2
newsas,2
affairsespecially,2
yearround,2
understands,2
opportunityequal,2
satisfactory,2
preemployment,2
cascade,2
pacific,2
northwest,2
damage,2
outdoors,2
sustainability,2
seasoned,2
television,2
survey,2
ii,2
informative,2
videomultimedia,2
photographer,2
iii,2
acquisition,2
animation,2
facility,2
canon,2
pro,2
periods,2
obtain,2
evenings,2
represents,2
foremost,2
stations,2
everything,2
biggest,2
miller,2
draw,2
overnight,2
unafraid,2
eventrelated,2
pursuing,2
exhibitor,2
prospect,2
simultaneous,2
educationtraining,2
telecommuting,2
allowed,2
24843,2
advocating,2
oncall,2
•writes,2
sensitive,2
wideranging,2
positioning,2
opinion,2
•develops,2
protocols,2
ties,2
optimal,2
mediums,2
mitigation,2
units,2
inquiry,2
drives,2
establishing,2
substantial,2
experiment,2
resumecv,2
fire,2
safety,2
emergency,2
paper,2
copies,2
850,2
creator,2
minded,2
highlight,2
sharp,2
productive,2
possessing,2
aligning,2
proofread,2
accomplishment,2
internshipdate,2
unbiased,2
corner,2
1846,2
population,2
sees,2
elections,2
words,2
artists,2
earning,2
juniors,2
seniors,2
freshmen,2
sophomores,2
authorization,2
interactivegraphics,2
animations,2
recognize,2
grammatical,2
factual,2
errors,2
attentive,2
300word,2
autobiographical,2
essay,2
embodies,2
talents,2
projected,2
strengthening,2
responsive,2
printing,2
inperson,2
square,2
cambridge,2
however,2
trained,2
meticulous,2
selfmotivation,2
trying,2
deeply,2
launch,2
crossfunctional,2
relating,2
lunches,2
graduating,2
june,2
3rd,2
missiondriven,2
manhattan,2
nutrition,2
diabetes,2
universitycollege,2
enables,2
desktop,2
suggest,2
scene,2
arrangements,2
lots,2
consist,2
reflects,2
thing,2
predisposition,2
affiliated,2
bcbsri,2
idea,2
southern,2
enrollment,2
hisher,2
structured,2
crisis,2
serious,2
issue,2
commentary,2
80000,2
hinges,2
bestinclass,2
utmost,2
resides,2
charlottesville,2
lcds,2
indexes,2
technicals,2
bdcs,2
clos,2
cornerstone,2
highlyrewarding,2
rewards,2
authorities,2
bond,2
proprietary,2
bank,2
prospectuses,2
gathered,2
sec,2
filings,2
capitaliq,2
basics,2
loans,2
bonds,2
mechanics,2
syndication,2
banking,2
merit,2
bearing,2
submissions,2
eeocompliancespglobalcom,2
forwarded,2
poster,2
httpwwwdolgovofccpregscomplianceposterspdfeeopostpdf,2
describes,2
discrimination,2
protections,2
trustworthy,2
opensource,2
generally,2
contributor,2
stipend,2
charged,2
acclaimed,2
featuring,2
hundreds,2
charles,2
h,2
percy,2
panels,2
80,2
trip,2
uprep,2
targeted,2
boards,2
cities,2
supervisor,2
regarding,2
house,2
solicit,2
whole,2
efficiently,2
smoothly,2
sensitivity,2
fairness,2
sides,2
57,2
frequency,2
incumbent,2
vehicle,2
33000,2
36000,2
yearparttimeare,2
promoter,2
glance,2
harrisburg,2
copywriting,2
internshipparttimesummer,2
administratormoderator,2
hackernews,2
ex,2
followersa,2
huge,2
follows,2
werent,2
circles,2
desiredonly,2
linking,2
uses,2
clientfacing,2
percentage,2
analyticsdata,2
bootcamp,2
amenities,2
watch,2
lunchandlearns,2
grew,2
meritbased,2
abundant,2
38,2
3k,2
1500,2
ratio,2
honors,2
35k5k,2
inbound,2
ppc,2
sem,2
profit,2
amps,2
tea,2
charity,2
donations,2
fxlearns,2
humanitarian,2
healthvisiondental,2
casual,2
fund,2
green,2
pawternity,2
credible,2
financiers,2
moguls,2
socialites,2
trendmakers,2
reputable,2
enrich,2
valuable,2
corporation,2
2003,2
men,2
keeping,2
tradition,2
empowers,2
headquartered,2
accommodate,2
compare,2
co,2
nyse,2
touches,2
advertiser,2
va,2
pulitzer,2
prize,2
maps,2
presenting,2
mind,2
postgres,2
d3,2
sensibility,2
let,2
covered,2
study,2
www,2
recsys,2
middle,2
commerce,2
vl182361j,2
opening,2
exists,2
button,2
cochine,2
goods,2
fragrance,2
learner,2
shopify,2
sending,2
supplies,2
adhoc,2
exemplary,2
neat,2
telephone,2
statutory,2
organisation,2
highcaliber,2
kongs,2
asias,2
administer,2
suppliers,2
procedure,2
destroyed,2
finalised,2
transparency,2
indices,2
equips,2
02nov18,2
massive,2
possibilities,2
move,2
cheung,2
sha,2
710,2
consultancy,2
china,2
electronics,2
machinery,2
supply,2
journalistseditors,2
joint,2
locally,2
45,2
relationscorporate,2
servicing,2
barrons,2
continually,2
promptly,2
reliably,2
versatile,2
21st,2
century,2
empowered,2
crafting,2
built,2
lot,2
styles,2
rehabilitation,2
mer,2
22oct18,2
messages,2
replies,2
marked,2
scaling,2
cdd213jdb221018,2
streams,2
designated,2
complaints,2
boilerplate,2
benchmarking,2
managerial,2
formulation,2
measures,2
timelines,2
miles,2
outcome,2
19oct18,2
csuite,2
born,2
berkshire,2
mapped,2
cutwork,2
distinctive,2
nottingham,2
trent,2
eponymous,2
label,2
traveller,2
seamlessly,2
blend,2
heritage,2
nods,2
favourite,2
eras,2
1920,2
1970,2
visible,2
subtle,2
dramas,2
draws,2
inspirations,2
madame,2
tussauds,2
worn,2
singer,2
gem,2
british,2
honour,2
wear,2
sheung,2
funnel,2
attracting,2
brandwhat,2
weibo,2
sharable,2
spread,2
chats,2
subscriber,2
callstoaction,2
sends,2
vendorspecific,2
tweaking,2
onpage,2
offpage,2
goalsetting,2
clickthrough,2
rates,2
conversions,2
staying,2
attribution,2
buying,2
stylists,2
coordinators,2
customerswwwemmawallacecom,2
with…,2
commerciallyfocused,2
spotting,2
multichannel,2
overwhelming,2
calm,2
klaviyo,2
nowpersonal,2
18oct18,2
303exmrexhshktdc,2
invitation,2
openness,2
artistic,2
overviewthe,2
contractors,2
brochures,2
shortterm,2
nuanced,2
revenuegenerating,2
coach,2
ecosystem,2
newsgathering,2
focusing,2
stays,2
reading,2
bay,2
forwardthinking,2
strive,2
celebrate,2
embrace,2
scrum,2
initiate,2
frontend,2
angular,2
directions,2
wbur,2
experimentation,2
surprising,2
babs,2
summaryobjective,2
weekdays,2
breaks,2
imaginative,2
suit,2
audiencesboth,2
air,2
newscasts,2
twoways,2
wamuorg,2
multiskilled,2
typeexpected,2
35nonexempt,2
coordinatoranalyst,2
3plus,2
topical,2
inscrutable,2
agility,2
shift,2
explainers,2
sticky,2
encapsulate,2
informational,2
semipro,2
lawndale,2
austin,2
lessons,2
makers,2
attendance,2
film,2
representing,2
instruction,2
incorporate,2
40,2
16,2
voices,2
literacy,2
model,2
founding,2
discover,2
spots,2
ensures,2
colorado,2
backup,2
incomplete,2
openings,2
resultsdriven,2
radiology,2
accessible,2
40000,2
cumc,2
humor,2
multidimensional,2
allowing,2
profiling,2
physics,2
employs,2
900,2
rated,2
harborview,2
burn,2
neurosciences,2
aidsstd,2
carer,2
mentally,2
medically,2
vulnerable,2
populations,2
uw,2
nations,2
pursuit,2
noted,2
specify,2
install,2
stateofthe,2
brotman,2
baty,2
linux,2
amazon,2
progressive,2
lma,2
missions,2
portals,2
blueprint,2
terminologies,2
semantic,2
querying,2
deployed,2
domains,2
applies,2
structures,2
volumes,2
recommend,2
varying,2
verbally,2
php,2
scalability,2
combination,2
negotiation,2
unixbased,2
servers,2
stylebook,2
associations,2
meets,2
achieves,2
wellresearched,2
ungated,2
reviewing,2
manuscripts,2
webpages,2
testimonials,2
extremely,2
grassroots,2
vacation,2
accomplished,2
distinguished,2
thus,2
doctorate,2
added,2
accepted,2
racial,2
increases,2
signage,2
uclas,2
26477,2
budgets,2
recreational,2
studiesuniversity,2
diegothe,2
studiesour,2
norms,2
genres,2
consumption,2
todays,2
mediated,2
actors,2
methodological,2
augment,2
comparative,2
ethnography,2
textual,2
discourse,2
disciplinary,2
scales,2
electronically,2
lettersuc,2
summarize,2
bundled,2
count,2
remains,2
applicantid,2
meaningfully,2
unitfunctional,2
buildrelease,2
24,2
crossdisciplinary,2
analytic,2
correlations,2
prototyping,2
socket,2
clientservers,2
functional,2
ui,2
flaskdjango,2
mongodb,2
api,2
nginx,2
prevalence,2
teamoriented,2
chemistry,2
laboratories,2
mssql,2
dba,2
commercial,2
games,2
collaborations,2
consequential,2
combined,2
prx,2
buzz,2
bringing,2
formation,2
liberal,2
nonbinary,2
descriptionthe,2
trustees,2
quarterly,2
executes,2
ngos,2
constituent,2
compute,2
conventional,2
unconventional,2
matlab,2
cluster,2
deeper,2
wellqualified,2
enroll,2
2020,2
2021,2
preprofessional,2
gained,2
schmid,2
httpwwwchapmaneduscst,2
instructor,2
conducted,2
galleries,2
slide,2
mac,2
scripting,2
components,2
queues,2
standalone,2
upstream,2
downstream,2
tickets,2
employeesleaders,2
satisfaction,2
toward,2
criminal,2
outcomesbased,2
improvement,2
pioneer,2
crw,2
designs,2
mailchimp,2
flyers,2
investigators,2
aimachine,2
input,2
found,2
pluralism,2
deaf,2
prospective,2
photographing,2
nights,2
communicationsrelated,2
answering,2
greeting,2
fans,2
box,2
meteorological,2
12000,2
companys,2
maturity,2
litigation,2
equip,2
reliability,2
election,2
voter,2
registration,2
partnered,2
16week,2
https1111,2
fix,2
privacycentric,2
dns,2
resolver,2
publicly,2
consumerfocused,2
heres,2
deal,2
ip,2
sold,2
paragraph,2
introducing,2
billion,2
affordable,2
sell,2
channel,2
paced,2
laptop,2
suggestions,2
goaloriented,2
firsthand,2
studyportals,2
accelerates,2
installing,2
selfstarting,2
reward,2
brainstorm,2
entrepreneurialism,2
internshiplocationnew,2
staffed,2
necessarythe,2
eventscoordinate,2
inception,2
signals,2
foreign,2
doesnt,2
recommender,2
12nov18,2
impeccably,2
demanding,2
digitalfirst,2
enthusiastically,2
traverses,2
borders,2
narratives,2
shoots,2
attractive,2
fringe,2
correctness,1
completeness,1
gather,1
validation,1
missing,1
conflicting,1
entries,1
query,1
module,1
hold,1
shown,1
healthcarerelated,1
8533158,1
descriptionsyracuse,1
enterprises,1
chosen,1
studentsthe,1
scraping,1
webinternet,1
uiux,1
vector,1
neural,1
76888,1
journalismthe,1
dynamism,1
everchanging,1
upperlevel,1
pursue,1
wellknown,1
communityindustry,1
wwwsujoboppscom,1
074148,1
melissa,1
chessher,1
mchesshesyredu,1
traditionally,1
applyapply,1
herepi105102002,1
extract,1
troves,1
practitioner,1
mams,1
torch,1
nosql,1
nice,1
teammate,1
8246288,1
nationally,1
knows,1
break,1
strategists,1
spokespeople,1
bulldog,1
hailed,1
gold,1
statistician,1
indicators,1
organizationwide,1
intersect,1
researchtrends,1
researchmetrics,1
readable,1
laymanterms,1
targeting,1
curation,1
supplement,1
synthesis,1
pursues,1
contentrelated,1
explaining,1
choicesoptions,1
layman,1
consultative,1
triplechecks,1
recommended,1
optimizationstests,1
challengesopportunities,1
impacting,1
crossplatform,1
softwareplatforms,1
bsba,1
analyticsomniture,1
aggregated,1
measured,1
pioneers,1
comprised,1
behavioral,1
psychologist,1
wellblended,1
freely,1
renowned,1
surgeons,1
systemwide,1
stemming,1
enthusiast,1
newfangled,1
scoping,1
validating,1
nurse,1
preferences,1
heuristics,1
robotic,1
effect,1
bullets,1
structuring,1
question,1
selfassured,1
removing,1
arrive,1
outline,1
assumptions,1
descriptive,1
prescriptive,1
industrial,1
mixedinteger,1
gurobipython,1
gams,1
ampl,1
lindo,1
discreteevent,1
agentbased,1
monte,1
carlo,1
simio,1
flexsim,1
anylogic,1
arena,1
sas,1
tableau,1
bonusnice,1
stochastic,1
random,1
forest,1
gbm,1
svm,1
8507532,1
164263,1
164265,1
httpsthemarkuporg,1
nonpartisan,1
effects,1
accountability,1
vote,1
kids,1
holding,1
spurring,1
reforms,1
readercentered,1
courageous,1
tolerate,1
jerks,1
aim,1
ancestry,1
mental,1
guided,1
method,1
assemble,1
crowdsourcing,1
foias,1
theories,1
hypothesis,1
anecdotes,1
illustrate,1
conceive,1
quarter,1
sport,1
parts,1
custodian,1
twofactor,1
authentication,1
password,1
encryption,1
databased,1
worry,1
havent,1
exact,1
dataset,1
mile,1
seem,1
literate,1
maybe,1
150000,1
statewide,1
democratgazette,1
arkansasonlinecom,1
assigning,1
wires,1
curating,1
onlineonly,1
preferredthe,1
preferredarkansasonlinecom,1
constant,1
arkansasthis,1
rock,1
district,1
anchored,1
william,1
j,1
clinton,1
centerto,1
gavin,1
lesnick,1
glesnickarkansasonlinecom,1
501,1
3993664,1
innovator,1
ogden,1
reinventing,1
arvr360°mr,1
bot,1
maker,1
administrativefaculty,1
listed,1
twenty,1
collegiatelevel,1
springsummer,1
10013,1
putting,1
longtime,1
dalet,1
walk,1
arms,1
stoop,1
kneel,1
crouch,1
entrykeystrokes,1
simple,1
grasping,1
prevalent,1
14719,1
1981,1
ideology,1
safeguard,1
balkan,1
flagging,1
documenting,1
correspondents,1
distressed,1
abuses,1
cpjs,1
vet,1
miscellaneous,1
turkey,1
succinctly,1
jobscpjorg,1
500word,1
reply,1
wwwabc7jobscom,1
wgrawm,1
acejmc,1
majors,1
colleague,1
adoption,1
conceiving,1
audiovideo,1
documentary,1
course,1
load,1
kathleen,1
richardson,1
999062,1
kabctv,1
abc,1
owned,1
orange,1
county,1
bureau,1
fillin,1
abc7jobscom,1
ocrawm,1
1999,1
facultys,1
leadingedge,1
introduced,1
mainstream,1
publishes,1
contentsharing,1
annuallywhy,1
findingsjoin,1
fulfilling,1
servicedevelop,1
preeminent,1
summarywe,1
websavvy,1
strategist,1
editorspecific,1
according,1
audienceleads,1
hbshu,1
disseminating,1
researchcoordinates,1
contentdrives,1
publicizing,1
missionproactively,1
upcoming,1
interpreting,1
readerfriendly,1
assumes,1
processworks,1
exercises,1
deadlinesother,1
assignedcover,1
requirednote,1
processfollow,1
opportunitiessalary,1
058union,1
businessminimum,1
creators,1
specialistsexperience,1
managementexperience,1
navigating,1
autonomyability,1
abstract,1
channelsability,1
simultaneouslythe,1
arerespect,1
dignity,1
othershonesty,1
communityaccountability,1
requiredfollow,1
46940br,1
residence,1
professionalinresidence,1
advise,1
reveille,1
entails,1
12month,1
combines,1
classroom,1
critiques,1
computerassisted,1
preserving,1
satisfying,1
universitybased,1
90,1
doctoralresearchextensive,1
exemption,1
discounts,1
hcm,1
concerns,1
2255788200,1
emailed,1
hrlsuedu,1
url,1
httpslsuwd1myworkdayjobscomlsujoblsubatonrougeprofessionalinresidencecontentadviserr00029133,1
seattle,1
puget,1
spotlight,1
restore,1
wild,1
surroundings,1
regulators,1
athletes,1
wizards,1
kcts,1
sister,1
crosscut,1
researchinterviews,1
preproduction,1
documentarystyle,1
voiceover,1
narration,1
internalexternal,1
supervising,1
archives,1
producingmultimediajournalism,1
c100,1
c300,1
5d,1
ccpremiere,1
selfgenerate,1
restrictions,1
projectinitiative,1
outlook,1
uphold,1
foia,1
extended,1
keyboard,1
valid,1
driver,1
license,1
lift,1
pounds,1
unassisted,1
inclement,1
upper,1
midwest,1
500000,1
signal,1
heard,1
95,1
bureaus,1
kare,1
george,1
peabody,1
alfred,1
dupont,1
rtdna,1
edward,1
murrow,1
millera,1
weekday,1
callin,1
parenting,1
fiction,1
diet,1
perspectivessource,1
nontraditional,1
partnerrelated,1
accepting,1
httpsjournalistsorgaboutjobsstrategicpartnershipscoordinator,1
3200,1
stronger,1
fellowships,1
dcbased,1
option,1
coldcalling,1
undaunted,1
thrilled,1
amendment,1
incentivized,1
probably,1
caffeine,1
distributing,1
floor,1
followup,1
populating,1
fulfillment,1
invoicing,1
qualifying,1
associationtrade,1
skillscapabilitiestechnical,1
expertly,1
customerteam,1
attitudehttpsjournalistsorgaboutjobsstrategicpartnershipscoordinator,1
requisition,1
vibrant,1
planet,1
involves,1
polish,1
crafts,1
suggesting,1
digest,1
described,1
nonlegal,1
devotes,1
•handles,1
outlet,1
•responds,1
rollouts,1
•positions,1
clinics,1
•uses,1
papers,1
formulate,1
•generates,1
artwork,1
consultant,1
opeds,1
•provides,1
refines,1
•identifies,1
strengthens,1
assure,1
efforts•thorough,1
•thorough,1
newsmedia,1
avoidance,1
•good,1
•video,1
comprehend,1
•bachelor,1
•at,1
•experience,1
hyde,1
campusjob,1
descriptionjob,1
summarythe,1
networkthe,1
shapes,1
defines,1
transformative,1
matches,1
thoughtful,1
uchicagothe,1
amongst,1
businessresponsibilitiesset,1
spacedevelop,1
initiativeswork,1
nobel,1
laureates,1
episodeslead,1
networklead,1
drawing,1
podcastscompetenciesprevious,1
popular,1
seriesstrong,1
storiesexpertise,1
episodes,1
compellingability,1
listenersa,1
toolkit,1
prepping,1
interviewsstrong,1
delve,1
approachesproven,1
apple,1
stitcher,1
spotify,1
seriesadvanced,1
listenership,1
podcastsability,1
detailability,1
requirededucation,1
certificationseducationbachelors,1
requiredexperienceat,1
requiredrequired,1
documentsall,1
positionresumecover,1
letterreference,1
listnote,1
applicationthe,1
actionequal,1
opportunitydisabledveterans,1
notice,1
seekers,1
7737025800,1
formthe,1
chicagos,1
crime,1
accessed,1
securityreportuchicagoedu,1
police,1
61st,1
il,1
60637,1
jr02542,1
journalistically,1
deadlineoriented,1
usable,1
researchtopractice,1
conversant,1
mixture,1
modes,1
remarkable,1
frame,1
wellsuited,1
ingredient,1
knowledgebuilders,1
refine,1
autonomously,1
realizes,1
goalsdevelop,1
shareable,1
callouts,1
piecethink,1
deploy,1
audiencesbecome,1
workings,1
entrylevel,1
systemsfind,1
staffgenerated,1
textbased,1
storiescopyedit,1
necessarysupport,1
postingand,1
responding,1
commentson,1
platformsother,1
marketingplease,1
regret,1
educationmany,1
choose,1
hgse,1
wwwgseharvardedu,1
055union,1
55,1
hvd,1
cler,1
workers,1
47267br,1
developerjournalists,1
datarich,1
drilling,1
pixels,1
printtext,1
collegeuniversity,1
letterhead,1
hourinternshipthe,1
onestop,1
chapters,1
jargonfree,1
accessing,1
called,1
compiling,1
collating,1
1520,1
immediately,1
march,1
acquire,1
brought,1
conferencing,1
near,1
inman,1
1035,1
02139,1
ben,1
miyamoto,1
relatively,1
discussed,1
twopage,1
spotlights,1
podio,1
chapter,1
dropbox,1
internshipat,1
mentored,1
httpstechbuzzfeedcomwewerethe2018buzzfeedinternclassandnowwerecryingintheclubbecausesummersoverdba1dcb85e0a,1
summers,1
httpstechbuzzfeedcom11waystohaveanawesomeinternshipatbuzzfeedef28bd3a3dfd,1
sincere,1
genuine,1
solver,1
dirty,1
hearing,1
celebrates,1
offerings,1
shortage,1
birthday,1
treats,1
leftovers,1
tasty,1
23rd,1
fairly,1
inline,1
internshipeverydayhealthcom,1
closeknit,1
bestpractices,1
lower,1
recognizing,1
bylines,1
sclerosis,1
sleep,1
checking,1
graduated,1
instinct,1
730000,1
practicing,1
utilizes,1
payers,1
tablet,1
sporting,1
going,1
enhancing,1
interactivegraphicsdata,1
told,1
immersive,1
ineligible,1
shapers,1
lines,1
cartography,1
investigated,1
pool,1
mainly,1
postgraduates,1
guild,1
yearlong,1
19,1
navigate,1
httpswwwnytimescominteractive2018jobstimesfellowshiphtml,1
greatly,1
ranks,1
nonconforming,1
alienage,1
affectional,1
trait,1
carrier,1
hourparttime,1
internshipwamu,1
2025,1
exception,1
internshipas,1
publiccommunity,1
communitypublic,1
providence,1
twice,1
week15,1
interning,1
afford,1
nonprofitcharitable,1
eventslogistics,1
intranet,1
flyersposters,1
planningprep,1
standing,1
cumulative,1
england,1
hartford,1
ct,1
insurer,1
rhode,1
island,1
prsa,1
iabc,1
internshipsummary,1
conclusion,1
postgraduate,1
hoursweek,1
29,1
26,1
believes,1
deserves,1
harm,1
whatever,1
explicitly,1
deter,1
actions,1
omissions,1
deliberate,1
inadvertent,1
obligation,1
excelmicrosoft,1
wordmicrosoft,1
powerpointasst,1
asst,1
internshipoverview,1
incubate,1
incubating,1
tax,1
democratic,1
republican,1
administrations,1
congressional,1
wwwospcorg,1
necessarily,1
econometrics,1
intrapreneurship,1
taxdata,1
taxcalculator,1
tanks,1
2040,1
complimentary,1
breakfast,1
commuting,1
plays,1
domestically,1
internationally,1
300,1
managed,1
administers,1
officials,1
advocates,1
crossprogrammatic,1
funders,1
postings,1
comply,1
expenditures,1
cochairs,1
reportback,1
studentemployerparticipant,1
contentious,1
certifications,1
capacities,1
depends,1
375,1
nonunion,1
drug,1
201810300700,1
remove,1
201904300700,1
understandinger,1
internshipeditorial,1
shadowing,1
hone,1
transferable,1
transcribe,1
avid,1
restaurants,1
28,1
fairchild,1
recordand,1
authorityfor,1
marketplace,1
heightens,1
independence,1
spirited,1
staffers,1
180,1
ceos,1
thoughtleaders,1
entertain,1
educate,1
inspired,1
wwwpmccom,1
journalismare,1
universityhealthjump,1
combining,1
solves,1
interoperability,1
plague,1
healthcarewe,1
philadelphia,1
remotely,1
requiredinternship,1
creatorjournalist,1
schedulesresponsibilities,1
eyecatching,1
copyresearching,1
sourcesinterviewing,1
expertsbrainstorming,1
strategiesgrowing,1
workresearching,1
originalwriting,1
whitepapers,1
etcwhile,1
immense,1
upward,1
movement,1
companyjob,1
internshipsalary,1
000,1
gci,1
digitally,1
unmatched,1
localtonational,1
110,1
pulitzerprize,1
reachlocal,1
sweetiq,1
newsquest,1
wwwgannettcom,1
mclean,1
modem,1
diagrams,1
quickturn,1
longerrange,1
mobilefocused,1
staffer,1
synthesizing,1
optimistic,1
js,1
datascraping,1
qgis,1
couchbase,1
mapbox,1
threejs,1
mapping,1
videography,1
watchdog,1
questioning,1
herhim,1
liar1,1
amnesty,1
internshiptype,1
hci,1
learningdeep,1
kongbased,1
specialise,1
09nov18,1
jhk100003006619352,1
invaluable,1
diversified,1
titlesin,1
wealth,1
asiarequirements,1
852,1
3752,1
0515,1
wwwinitiativecomhk,1
vacancies,1
07nov18,1
jhk100003006617558,1
360,1
ecommerce,1
organised,1
sampling,1
launches,1
onlineecommerce,1
dispatch,1
pack,1
packing,1
couriers,1
cheques,1
stationary,1
replenished,1
checked,1
organisational,1
presentable,1
sought,1
asap,1
05nov18,1
jhk100003006610115,1
303meexhktdc,1
303meexexhshktdc,1
secretarial,1
logistical,1
tdc,1
advertisement,1
collaterals,1
detailminded,1
pleasant,1
overtime,1
appointed,1
twoyear,1
contractend,1
gratuity,1
poors,1
llc,1
intelligencewe,1
commodity,1
pinpoint,1
platts,1
seize,1
commodities,1
stimulating,1
jhk100003006606836,1
243161,1
subscriptionbased,1
bankers,1
pharmaceuticals,1
regulatory,1
datafocused,1
underpinning,1
flourish,1
professionally,1
ladder,1
ample,1
continents,1
libel,1
importantsome,1
alpha,1
valuation,1
spgi,1
wwwspglobalcommarketintelligence,1
jhk100003006604122,1
ltd,1
613,1
6f,1
gateway,1
63,1
wing,1
kowloon,1
yrs,1
exp,1
qualification,1
servicingmedia,1
journalismmarketing,1
businesstobusiness,1
facilitator,1
organizes,1
export,1
annually,1
majority,1
shareholder,1
shenzhen,1
simm,1
facilitates,1
englishlanguage,1
globalsourcescomexhibitions,1
marketplaces,1
globalsourcescom,1
94,1
profitably,1
win,1
240,1
territories,1
supplier,1
clarion,1
30oct18,1
jhk100003006598190,1
sprejdb01030,1
backgrounders,1
byline,1
newswires,1
televisionincluding,1
widestread,1
mostrespected,1
marketwatch,1
djx,1
prosperity,1
enlighten,1
differentiated,1
httpwwwdowjonescomcareers,1
26oct18,1
jhk100003006587113,1
caliber,1
vacancy,1
factiva,1
joel,1
httpwwwjoelonsoftwarecomarticlesfog0000000043html,1
expansive,1
agents,1
else,1
singlepurpose,1
brickandmortar,1
polished,1
sdk,1
ruthlessly,1
pragmatic,1
compromising,1
formal,1
jump,1
hit,1
articulate,1
prepared,1
deliveries,1
clientserver,1
architectures,1
caching,1
mechanisms,1
layouts,1
schemes,1
objectoriented,1
mvc,1
multithreaded,1
relational,1
schema,1
httpsdowjoneswd1myworkdayjobscomdowjonescareerjobhongkongandroiddeveloperjobreq13706,1
tasked,1
provisions,1
ordinance,1
adopts,1
redevelopment,1
jhk100003006577393,1
conferencebriefings,1
writeup,1
advertorials,1
attending,1
urarelated,1
communicated,1
holder,1
communicationjournalism,1
httpwwwuraorghkfull,1
httpscareersuraorghk,1
envelope,1
26f,1
cosco,1
183,1
queens,1
road,1
detailsclosing,1
strictest,1
strictly,1
obtainable,1
retained,1
competitiveness,1
bundle,1
jhk100003006575784,1
devise,1
branches,1
branded,1
propose,1
gatherings,1
briefings,1
tours,1
hotline,1
writeups,1
thematic,1
columns,1
audit,1
programmes,1
spokespersons,1
factsheet,1
ltt,1
yoy,1
comparison,1
kols,1
translation,1
allrounded,1
advantageous,1
cando,1
acute,1
crossdepartment,1
multi,1
conscious,1
definite,1
hardworking,1
prerequisite,1
employed,1
fixedterm,1
appointee,1
heading,1
late,1
disposed,1
2013,1
corporates,1
mediaprofessional,1
singapore,1
sydney,1
jhk100003006571840,1
grabs,1
kick,1
attracted,1
acting,1
gatekeepers,1
deepen,1
fastidious,1
tens,1
thousands,1
span,1
movers,1
shakers,1
jhk100003006567298,1
jhk100003006566789,1
releaseslocal,1
supplements,1
talknotes,1
multinational,1
release,1
shortlisted,1
jhk100003006567297,1
managerstanford,1
titlewriter,1
7477u,1
25438,1
coecollege,1
relationsjob,1
id25438locationmain,1
campusberkeleyfullpart,1
timefulltimeregulartemporaryregulardepartmentcollege,1
relationsabout,1
berkeleythe,1
1868,1
fueled,1
perpetual,1
renaissance,1
berkeleys,1
acceptanceacademic,1
culturalmake,1
staffberkeley,1
deciding,1
httpjobsberkeleyeduwhyberkeleyhtmlapplication,1
datethe,1
81618departmental,1
230,1
5000,1
60000,1
fiscal,1
fy201718,1
107,1
inkind,1
httpsengineeringberkeleyeduthe,1
broadcastvideo,1
highlighting,1
educationresponsibilities,1
translates,1
technicalscientific,1
tailors,1
engineerings,1
sciencetechnical,1
plansrequired,1
technologypreferred,1
productionsalary,1
benefitsfor,1
httpucnetuniversityofcaliforniaeducompensationandbenefitsindexhtmlstarting,1
experiencehow,1
applyplease,1
attachment,1
applyingconviction,1
backgroundthis,1
requiring,1
fingerprinting,1
histories,1
reserves,1
checkequal,1
opportunitythe,1
httpwwweeocgovemployersuploadposterscreenreaderoptimizedpdffor,1
seehttppolicyucopedudoc4000376nondiscrimaffirmactto,1
visithttpsjobsprodisberkeleyedupspjobsprodemployeehrmschrshramhrscegblpagehrscejobdtlactionajobopeningid25438siteid1postingseq1copyright,1
jeid9d7f0733b5af4fdd83af55651b41eea8,1
1268116,1
fixedtermstanford,1
nurturing,1
encouraging,1
everywhere,1
turn,1
groom,1
standouts,1
teacher,1
vantage,1
poynterorg,1
teaches,1
inspiration,1
writingvideospodcasts,1
elearning,1
profession,1
selfdevelopment,1
gaining,1
auspices,1
consults,1
appearances,1
quoted,1
frequently,1
tampa,1
80k110k,1
10k,1
innovate,1
resulting,1
disruption,1
architectural,1
performant,1
maintainable,1
successes,1
supportmaintain,1
phases,1
epic,1
decompositionstory,1
courage,1
alternative,1
paths,1
workarounds,1
encountered,1
said,1
positively,1
selforganizing,1
valuepacked,1
ontime,1
oop,1
aurelia,1
reactjs,1
soa,1
eda,1
nunit,1
xunit,1
jasmine,1
karma,1
tdd,1
atdd,1
asynchronous,1
typescript,1
weigh,1
fails,1
methodology,1
imagination,1
salt,1
lake,1
tribune,1
utahs,1
notifications,1
cool,1
matt,1
canham,1
mcanhamsltribcom,1
wider,1
wburs,1
packaging,1
entertaining,1
vevraa,1
15017,1
trib,1
artist,1
mediacentric,1
rollout,1
rick,1
monti,1
rmontitribwebcom,1
ilustrator,1
htmlpythonjava,1
skript,1
blender,1
00001,1
1824,1
assessments,1
filtering,1
roots,1
solutionsoriented,1
black,1
brown,1
centered,1
garfield,1
village,1
hyper,1
humaninterest,1
printweb,1
crews,1
final,1
cut,1
strength,1
beginnerlevel,1
spark,1
astute,1
lesson,1
instructing,1
mentioned,1
setuptear,1
tracked,1
projective,1
utilize,1
mentors,1
hive,1
participant,1
paperwork,1
aged,1
postproduction,1
ethnicities,1
microphones,1
speech,1
ba,1
nichols,1
homan,1
squarenorth,1
car,1
3800048000,1
accrued,1
hrfreespiritmediaorg,1
equitable,1
ethnicity,1
faith,1
adults,1
2001,1
5500,1
peers,1
schoolbased,1
ages,1
freespiritmediaorg,1
energized,1
newscast,1
evaluates,1
airpublish,1
coordinates,1
prepares,1
suggests,1
coaches,1
met,1
nonstandard,1
guaranteed,1
unavailable,1
learned,1
hrcprorg,1
drop,1
ins,1
liaises,1
freelancers,1
healthpublic,1
workload,1
mon,1
fri,1
daytime,1
pdfs,1
clips,1
httpscareersaphaicimscom,1
eeoaavetsdisability,1
20181304,1
sitecore,1
outdated,1
banners,1
outlines,1
approve,1
summaries,1
brief,1
distill,1
readily,1
ambiguity,1
acrfounded,1
1923,1
radiology®,1
evolution,1
radiologists,1
radiation,1
oncologists,1
nuclear,1
physicists,1
reinforce,1
empowering,1
professions,1
radiological,1
flex,1
telework,1
pension,1
403b,1
prspe02136,1
pitchplace,1
reactive,1
housekeeping,1
clip,1
usually,1
columbiaowned,1
rotating,1
assignedgeneral,1
vocus,1
analyticspreferred,1
126162694,1
specialiststanford,1
flood,1
heterogeneity,1
metastasis,1
immune,1
shopping,1
carts,1
rnasequencing,1
highparameter,1
biologists,1
immunotherapy,1
innovatively,1
normalize,1
modalities,1
cohorts,1
reasoning,1
nextgen,1
microscopy,1
8702128,1
encode,1
configurations,1
interfacing,1
carein,1
worldleading,1
realm,1
databasesthis,1
ascendant,1
medicinedeveloping,1
pipelinesdevelop,1
extramural,1
collaboratorsrequirementsbachelors,1
unixlike,1
skillsexperience,1
commonly,1
ngs,1
applicationsor,1
experiencedesirablesfluency,1
pythonphd,1
disciplinebasic,1
linuxunix,1
manipulation,1
aws,1
wetbench,1
pcr,1
sequencingbased,1
diagnosticsthis,1
160857,1
digitallysavvy,1
clubs,1
crowdtangle,1
ott,1
assistants,1
fraud,1
finally,1
terrific,1
intensely,1
sustain,1
workfromhome,1
1012,1
weeksyear,1
purposedriven,1
lindseyesteslocalmediaorg,1
ucsd,1
101518,1
rehire,1
advisor,1
102518,1
counselor,1
assistancedescriptionscicrunch,1
networked,1
2004,1
crosscutting,1
pervasive,1
barriers,1
dknet,1
pools,1
digestive,1
kidney,1
diseases,1
communityvetted,1
scicrunchs,1
viewing,1
federating,1
annotate,1
maintained,1
scigraph,1
neo4j,1
ontology,1
interlex,1
terminology,1
biologyuses,1
avariety,1
factors,1
objectivesminimum,1
qualificationsbachelors,1
trainingtwo,1
experienceworking,1
logs,1
withmultiple,1
projectsworking,1
developmentworking,1
databasesworking,1
andestablish,1
andimplement,1
directionworking,1
researchinterpersonal,1
organizationability,1
witha,1
andconcisely,1
writingself,1
skillsworking,1
applicat,1
96180,1
integrationdevelopment,1
reworking,1
legacy,1
pertains,1
robustness,1
governance,1
issuesgeneral,1
webmaster,1
thereof,1
sitedemonstrated,1
phpaspcssjavascriptpython,1
administering,1
browser,1
capabilities,1
limitations,1
structure,1
templates,1
navigation,1
supportingconfiguring,1
example,1
apache,1
iis,1
200820012,1
healthoriented,1
motivatedmust,1
126172749,1
red,1
pen,1
falls,1
church,1
bimonthly,1
tm,1
sectionsdepartments,1
informs,1
educates,1
entertains,1
errorfree,1
enhances,1
reprint,1
printed,1
bookstore,1
catalog,1
ads,1
cais,1
caihome,1
copyeditproofread,1
proving,1
grammar,1
intimate,1
brain,1
stature,1
opinioneditorials,1
statements,1
reposition,1
refresh,1
sfnorg,1
advocacyoriented,1
releasestatementoped,1
proofreadingediting,1
seniorlevel,1
opinionleaders,1
acrobat,1
nonmatching,1
wholly,1
retaining,1
criteria,1
1712,1
avenues,1
topranked,1
longstanding,1
regarded,1
qatar,1
fieldshaping,1
firstrate,1
nationallyrecognized,1
persons,1
earlier,1
cvresume,1
jenna,1
braunstein,1
jennabraunsteinnorthwesternedu,1
posted,1
preparations,1
proceeding,1
correctly,1
revision,1
contacted,1
asterisk,1
aware,1
saved,1
httpsfacultyrecruitingnorthwesterneduapplymzm2,1
pi105199311,1
strategizing,1
directing,1
convey,1
digitalemail,1
supporters,1
niche,1
museums,1
conceptualizing,1
finances,1
httpshrmycareeruclaedu,1
aaeeo,1
listing,1
gallerists,1
critics,1
preview,1
banner,1
risks,1
anticipating,1
delegated,1
motivation,1
humanities,1
ucla,1
optical,1
vesting,1
voluntary,1
privileges,1
httppolicyucopedudoc4000376nondiscrimaffirmact,1
httpsapolrecruitucsdeduapplyjpf01784application,1
misc,1
httpsapolrecruitucsdeduapplyjpf01784copyright,1
jeid519ecb5f21801d40b2d522d3e5e38e44,1
1240538,1
newssuccessful,1
applythe,1
httpsapolrecruitucsdeduapplyjpf01786application,1
committeecurriculum,1
cvstatement,1
informationstatement,1
practiceevidence,1
etcwriting,1
pagesmisc,1
httpsapolrecruitucsdeduapplyjpf01786copyright,1
jeidb7fb748c85d20746acba1e90c8f187e7,1
1253467,1
streamlining,1
automating,1
discussion,1
8441224,1
gui,1
igo,1
estimates,1
flows,1
unixlinux,1
cross,1
angularjs,1
vuejs,1
hosting,1
uwsgi,1
8405804,1
utilized,1
toll,1
prevention,1
statespecific,1
acts,1
locating,1
applicability,1
orally,1
legislative,1
politicaladvocacy,1
substitute,1
07,1
complexities,1
authorship,1
nonprogramming,1
environmentdevelopment,1
workflowintegration,1
pipelineshelp,1
recordkeeping,1
storageorganize,1
interpretationexamples,1
interpretive,1
providersdevelopment,1
pipelinesfunction,1
author,1
softwarewill,1
testingwork,1
platformsbioinformatics,1
locallymass,1
spectrometry,1
platformsdesign,1
construction,1
storing,1
datacreate,1
databasesprimarily,1
151326,1
164264,1
164266,1
troubleshot,1
bugs,1
owners,1
administrationera,1
implications,1
nightly,1
failed,1
analyzed,1
corrected,1
homegrown,1
grants,1
depth,1
pre,1
huron,1
era,1
8492158,1
15016,1
blended,1
technojournalism,1
interfaceuser,1
contexts,1
emergent,1
nontenuretrack,1
mfa,1
digitalinteractive,1
comparable,1
experimenting,1
academia,1
collegially,1
philosophy,1
contains,1
httpswvutaleonetcareersectionfacultyjobdetailftljob10067tzgmt043a00,1
reviewed,1
studentcentered,1
acejmcaccredited,1
1939,1
rooted,1
studying,1
idealism,1
resiliency,1
determination,1
intermedia,1
70,1
pittsburgh,1
morgantown,1
wv,1
doctoralgranting,1
landgrant,1
aaeoada,1
protectedclass,1
franchise,1
innovators,1
bbc,1
wgbh,1
publisher,1
epeditor,1
mastery,1
steeped,1
aggressively,1
interconnected,1
beyondbroadcast,1
industrious,1
interacts,1
affects,1
moves,1
needle,1
promise,1
respectful,1
urged,1
define,1
theworldorg,1
buyin,1
eicep,1
longerterm,1
extends,1
agreed,1
funding,1
responsibilitiesessential,1
60,1
reportspackages,1
longrange,1
output,1
walks,1
jobspriorg,1
turnaround,1
narrativedriven,1
adjust,1
careful,1
collegelocated,1
oakland,1
genders,1
princeton,1
firstgeneration,1
latinx,1
lgbtq,1
hispanic,1
latinao,1
applymills,1
welcomes,1
nominations,1
reflection,1
knowing,1
httpswwwmillsedujob,1
1879,1
elect,1
cosponsor,1
reunion,1
educationthe,1
dual,1
admission,1
cooperation,1
quarterlyrepresentative,1
followscommunicationswrite,1
volunteersassist,1
productionwrite,1
campaignsupdate,1
contentassist,1
postsedit,1
communicationsproduce,1
aamcs,1
merchandise,1
rental,1
programtake,1
eventsensure,1
compatible,1
avanessians,1
multifaceted,1
instrumental,1
wave,1
directorate,1
etcgeneral,1
held,1
multiagency,1
missionoriented,1
requiredpreferred,1
126172756,1
battling,1
diagnosed,1
hospitals,1
leverages,1
semisupervised,1
weakly,1
supervised,1
unsupervised,1
gpus,1
dgx,1
nodes,1
miccai,1
hpc,1
stop,1
interpretations,1
improves,1
seminars,1
8643942,1
tenure,1
960,1
959,1
dsi,1
institutekey,1
graphs,1
decks,1
representative,1
cuit,1
repository,1
conjunction,1
newslettersroutine,1
assignedrequiredgeneral,1
drawn,1
photographs,1
ux,1
os,1
ftp,1
xhtml,1
javascriptjquery,1
projectmanagement,1
126172137,1
extraordinary,1
ancillary,1
consists,1
diseasespecific,1
diagnosticians,1
hematopathology,1
customize,1
dhis,1
extracting,1
graphdb,1
hybrid,1
unix,1
configure,1
maintainability,1
proper,1
departmentwide,1
queue,1
enterpriselevel,1
technologiestools,1
flaskdgango,1
nodejs,1
mongo,1
dbplsql,1
awslike,1
figuring,1
02,1
mysqlmongodbgraphdb,1
reactangularnodejsjavascript,1
likt1,1
8768814,1
plugins,1
continuous,1
healthcheck,1
git,1
modifications,1
mathematicalscientific,1
achive,1
8719489,1
dutiesthis,1
communicationsthe,1
intramural,1
aquatic,1
club,1
usage,1
sa,1
requested,1
institutionalcultural,1
assessmentssurveys,1
affairsduties,1
assessmentevaluationresearch,1
preparation,1
psychometric,1
qualitativequantitative,1
banks,1
studentrelated,1
saat,1
task,1
forces,1
assignedspecial,1
applicationin,1
informationadditionally,1
transcripts,1
signed,1
appropriately,1
conferred,1
hireeast,1
carolina,1
fosters,1
historically,1
groupsminimum,1
educationexperience1minimum,1
researchoriented,1
2knowledge,1
cas,1
standards3skilled,1
qualtrics,1
nuventive,1
etc4ability,1
measures5strong,1
skills6ability,1
accomplish,1
7demonstrated,1
cooperatively,1
communityfull,1
timeposition,1
greenvilleposition,1
001639organizational,1
intellectually,1
socially,1
morally,1
culturally,1
anticipates,1
developmental,1
civility,1
wellbeing,1
logical,1
moreover,1
importance,1
practicestudent,1
champions,1
studentfocused,1
educationliaison,1
unitscampus,1
pirate,1
advocate,1
pilates,1
flag,1
football,1
lacrosse,1
ecu,1
strives,1
lifestyles,1
getting,1
experiencestudent,1
divisional,1
literary,1
expressions,1
stable,1
19793,1
policyinfluencing,1
kennedy,1
rebranding,1
vendor,1
printers,1
compellingly,1
responsibilitiesproduce,1
executionmaintains,1
centerwide,1
programsdevelops,1
dashboard,1
monitored,1
stakeholderswrites,1
produces,1
yearly,1
reportdesigns,1
emailscreates,1
constituency,1
materialswrites,1
accompanying,1
podcastsreviews,1
sitedesigns,1
postersduties,1
continued,1
sectionduties,1
continueddigital,1
redesignprojects,1
migrationmanages,1
arise,1
directs,1
appropriatetracks,1
strategymanages,1
registrars,1
bulk,1
contractorspublic,1
relationsevent,1
promotiondevelops,1
researchoversees,1
posters,1
livetweeting,1
livestreaming,1
eventsdesigns,1
plaques,1
spacemanagerial,1
negotiates,1
contractsagreements,1
vendorsholds,1
publicationsrepresents,1
publishingharvard,1
checksharvard,1
sustainable,1
057union,1
proofing,1
manuals,1
decentralized,1
preferredwriting,1
requestedequal,1
47348br,1
mariejosã©e,1
kravis,1
nearterm,1
ultradeep,1
circulating,1
plasma,1
bodily,1
fluids,1
rna,1
capture,1
ffpe,1
tissue,1
biopsies,1
cytological,1
somatic,1
germline,1
biomarker,1
singlecell,1
tumors,1
utility,1
pilot,1
mandated,1
clia,1
retrospectively,1
biomarkers,1
therapeutic,1
prospectively,1
promising,1
trials,1
bioinformaticquantitative,1
machinelearning,1
sciencefocused,1
multiomics,1
therapeutics,1
rigor,1
highpressure,1
recover,1
multiomic,1
47,1
geneticsgenomics,1
8487476,1
scientist4180brgccis,1
technologiesgolisano,1
info,1
sciencesprofessional,1
category,1
fulltimestaff,1
wage,1
band,1
departmentcollege,1
68th,1
140,1
3100,1
opened,1
usability,1
humancomputer,1
winners,1
acm,1
sig,1
chairs,1
700,1
synergistic,1
curricular,1
descriptiontwo,1
rochester,1
phdms,1
dr,1
qi,1
yus,1
httpwwwistriteduqyuvks,1
projectsresponsibilitiesdevelop,1
simulated,1
environmentsdevelop,1
fuse,1
formscollaborate,1
resultssupervise,1
studentsparticipate,1
preparationpublishpresent,1
publicationsother,1
assignedrequired,1
qualificationsa,1
specialization,1
applicationsstrong,1
packages5years,1
aispecialized,1
skillsgood,1
nipsicmlaaaiijcaikddicdmtpamitkdeexperience,1
analyticsexperience,1
othersgood,1
verbalpreferred,1
qualificationsrequired,1
documentscover,1
referenceshow,1
applyin,1
httpcareersritedustaff,1
enter,1
br,1
numberthe,1
httpssjobsbrassringcomadditional,1
detailsthe,1
motor,1
resourcesrit,1
activitiesrit,1
americans,1
discuss,1
5854752424,1
careersritedurochester,1
10th,1
18000,1
biotechnology,1
microelectronic,1
hardofhearing,1
1829,1
115000,1
chronicle,1
transformation,1
dualcareer,1
couples,1
upstate,1
consortium,1
wwwriteduoverviewrankingsandrecognition,1
wwwriteduas,1
wellbalanced,1
choices,1
advantages,1
tailored,1
rits,1
httpswwwritedufahumanresourcescontentbenefitshealthandwellnessrit,1
rittitleix,1
edgovcopyright,1
jeid4a582ae4e3378d42a2e7f7bd9b9f2d14,1
userfocused,1
lifecycle,1
offcampus,1
philanthropy,1
assesses,1
cyclemanagement,1
benchmark,1
optimizes,1
guiding,1
guidelines,1
wcag,1
wwwgovalkyriescom,1
valkyries,1
logo,1
converseedu,1
disclaimer,1
preceding,1
indicate,1
contain,1
indesign,1
cultivation,1
blasts,1
clerical,1
ordering,1
managementrelated,1
refreshing,1
queriesreports,1
relationsrelated,1
appointments,1
followups,1
assertiveness,1
demonstrably,1
prioritization,1
conflict,1
denise,1
ortega,1
dortegacarrolltonorg,1
internshipaccuweather,1
forecasts,1
customized,1
phones,1
tablets,1
wired,1
tvs,1
appliances,1
highlycustomized,1
headquarters,1
stops,1
neither,1
customizing,1
comments,1
multitude,1
competitors,1
approving,1
categorizing,1
ugc,1
accuracytimeliness,1
licensing,1
accuweathers,1
clientscorporations,1
4year,1
hq,1
teammates,1
nonverbal,1
achieved,1
pride,1
profitable,1
researchintellectual,1
propertynegotiationabout,1
internets,1
avoid,1
distractions,1
lawyers,1
comprise,1
cohesive,1
techminded,1
roughly,1
wanting,1
lawyer,1
akin,1
requesting,1
ngo,1
faced,1
enormous,1
immigration,1
regulation,1
agreements,1
1st,1
2nd,1
sunny,1
soma,1
block,1
att,1
easy,1
httpsblogcloudflarecomprotectingfreeexpressiononline,1
httpswwwcloudflarecomathenian,1
httpsblogcloudflarecomtagpathforward,1
httpsdeveloperscloudflarecom1111commitmenttoprivacyprivacypolicyprivacypolicy,1
somewhere,1
put,1
pile,1
internshipwhy,1
welldesigned,1
brooklyn,1
living,1
grid,1
counted,1
intermittent,1
irregular,1
reduce,1
cleaner,1
safer,1
directtoconsumer,1
initial,1
revisions,1
listings,1
bazaarvoice,1
claims,1
returnsexchanges,1
filter,1
concisely,1
informatively,1
corrections,1
addonsdeletions,1
holiday,1
gift,1
placements,1
solutionoriented,1
assimilate,1
problemnegative,1
positivity,1
grace,1
scrappy,1
mentality,1
tactically,1
projectsdeadlines,1
requirementsqualifications,1
energysustainability,1
complies,1
termination,1
recall,1
leaves,1
absence,1
expressly,1
prohibits,1
harassment,1
improper,1
interference,1
discharge,1
800,1
weekinternshipstudyportals,1
coo,1
actives,1
mostly,1
resultoriented,1
competitor,1
aftersales,1
az,1
soon,1
36,1
nationalities,1
extension,1
mentoring,1
sessions,1
fastest,1
phase,1
giant,1
waiting,1
stipent,1
800months,1
tempted,1
wwwfacebookcomstudyportalscareers,1
wwwfacebookcomstudyportals,1
studyportalscareers,1
studyportalsde,1
pageviews,1
http,1
split,1
functionality,1
massively,1
accepts,1
cc,1
lua,1
definitely,1
200m,1
surfers,1
accept,1
lasts,1
ie,1
launched,1
attack,1
announced,1
18week,1
lofty,1
brightest,1
realize,1
boxes,1
empathetic,1
adopt,1
internetenabled,1
strategicminded,1
doer,1
crossfunctionally,1
scalable,1
segmentation,1
outbound,1
verticals,1
sizes,1
iteration,1
salesforcecom,1
conceptsterms,1
tasksprojects,1
​what,1
something,1
ideasmythideasmyth,1
victoria,1
rowan,1
endeavors,1
outsidethebox,1
mediabistrocom,1
multimilliondollar,1
dozens,1
season,1
92nd,1
y,1
poetry,1
remained,1
celebrating,1
served,1
1000,1
creatives,1
renown,1
bestselling,1
emmynominated,1
screenwriters,1
grandslam,1
moth,1
stripeseven,1
theyre,1
creativeabout,1
testdrive,1
trophy,1
careeradvancing,1
effort,1
companyideasmyth,1
dimensions,1
former,1
subsequently,1
gone,1
onto,1
jobsall,1
receivedepending,1
freelancing,1
opportunitieshandson,1
goalseducational,1
whenever,1
candidatenetworking,1
opportunitiesan,1
unlimited,1
metrocardunlimited,1
nespresso,1
coffee4,1
comped,1
monthwe,1
delighted,1
rave,1
futurebusiness,1
developmentmarketing,1
internideasmyth,1
smallbusiness,1
profits,1
effortsresponsibilitiesmarket,1
expansionmake,1
plandevelop,1
profilemaintain,1
nimblerequirements,1
commit,1
monthurs,1
92pm,1
portfoliosessential,1
smartphone,1
headphonesoutstanding,1
skillsorganizational,1
ninja,1
projectsinsatiable,1
curiositywillingness,1
conceptscurrently,1
fieldsinterest,1
toolsability,1
keytothemission,1
solutionsstrong,1
skillsjob,1
10019,1
preferredlanguageenglish,1
preferredwork,1
authorizationunited,1
reinforcement,1
diffusion,1
imagevideotext,1
semantics,1
deploying,1
internshipjetzy,1
descriptions,1
2018apply,1
jetzyto,1
httpswwwjetzyappcomcareersavecareermake,1
properly,1
reviewedwhat,1
jetzyjetzy,1
adventures,1
geolocation,1
likeminded,1
beaten,1
jetzyappcomjob,1
positionsall,1
citycountryfor,1
internshipstraining,1
depend,1
credentials,1
levelto,1
hereapply,1
jetzyhuman,1
informationquestions,1
handcreative,1
featured,1
appwriters,1
cameras,1
screens,1
etcthese,1
sustaining,1
relaying,1
contenttechnology,1
ios,1
technologiesapplicants,1
feet,1
lack,1
essentialmarketing,1
marketingposition,1
areasdigital,1
jetzyhelp,1
awarenessfind,1
forums,1
jetzyassist,1
promotionscreate,1
outletscreate,1
advertisementsevents,1
eventsidentify,1
spaces,1
venuesinteract,1
vendorpartners,1
eventcreate,1
performers,1
djs,1
speakersbe,1
reception,1
etcshare,1
eventsales,1
networkconduct,1
themset,1
partnersonce,1
advertiserpartner,1
channelsutilize,1
advertisingpartnership,1
opportunitiespublic,1
etccreate,1
jetzydeal,1
organizationscoordinate,1
storiesmaintain,1
activityfinance,1
candidateis,1
obtaining,1
rounds,1
setmanagement,1
founderstop,1
setthe,1
geographies,1
businessthis,1
operationresponsibilitieshelps,1
founders,1
delegating,1
teamsbe,1
teamassist,1
internsproduces,1
documentsconserves,1
routing,1
informationmaintains,1
confidentialprovides,1
filing,1
discussionsmaintains,1
recordsjob,1
min,1
turns,1
completely,1
cnbcs,1
disruptor,1
fintech,1
alwayson,1
nearing,1
feels,1
theuniversitycollege,1
arabic,1
russian,1
turkish,1
spanish,1
french,1
korean,1
japanese,1
thai,1
malay,1
competing,1
dinner,1
…and,1
toolsgoogle,1
certificationseogoogle,1
adwordsgo,1
fish,1
selfstarters,1
trusting,1
worker,1
disciplined,1
watching,1
shoulder,1
table,1
uncover,1
junior,1
readiness,1
reader,1
certified,1
semrush,1
spyfu,1
raven,1
redditor,1
raleigh,1
isaac,1
hunters,1
tavern,1
shop,1
anything,1
feel,1
separate,1
stiff,1
really,1
seriously,1
eliminate,1
bottom,1
internshipbusiness,1
insider,1
illustrations,1
readers,1
pinterest,1
supercreative,1
illustration,1
typography,1
morning,1
dream,1
summarization,1
extractionrepresentationmanagement,1
sigir,1
kdd,1
acl,1
cikm,1
object,1
forensics,1
caption,1
jhk100003006629898,1
speaks,1
beautiful,1
forthcoming,1
follower,1
gifs,1
cinemagraphs,1
executions,1
qualitymanage,1
jhk100003006629784,1
heavy,1
credibility,1
authentic,1
appeals,1
grows,1
wochit,1
hootsuite,1
clippings,1
