Data Journalist Intern,Associated Press,"Washington, DC",2 days ago,https://www.indeed.com/viewjob?jk=38f86dae75d6cf6b
Data Entry Intern,Scholars Strategy Network,"Cambridge, MA 02139 (Area IV area)",5 days ago,https://www.indeed.com/viewjob?jk=5fb39ecce471ba99
Summer 2019 Data Science Newsroom Internship at The Wall Street Journal,Dow Jones,"New York, NY 10176 (Murray Hill area)",30+ days ago,https://www.indeed.com/viewjob?jk=dd0b79100dd35040
Business Intelligence Intern,Consumer Brands,United States,23 days ago,https://www.indeed.com/viewjob?jk=ad7e475c28ea1a37
Metro Reporting Internship - Summer 2019,"Star Tribune Media Company, LLC.","Minneapolis, MN",30+ days ago,https://www.indeed.com/viewjob?jk=44313c7c3eed2d9c
Business Reporting Internship - Summer 2019,"Star Tribune Media Company, LLC.","Minneapolis, MN",30+ days ago,https://www.indeed.com/viewjob?jk=dc433dea12f1c757
Sports Intern,Associated Press,New York State,2 days ago,https://www.indeed.com/viewjob?jk=0282c4d29afb64d3
WAMU Spring 2019 Internship Program,American University,"Washington, DC 20016 (AU-Tenleytown area)",2 days ago,https://www.indeed.com/viewjob?jk=f99c8ed9745414e6
Print Design Internship - Summer 2019,"Star Tribune Media Company, LLC.","Minneapolis, MN",30+ days ago,https://www.indeed.com/viewjob?jk=9baf94a8735cf703
Communications & Public Relations Spring Internship,Blue Cross Blue Shield of Rhode Island,"Providence, RI 02903 (Downtown area)",11 hours ago,https://www.indeed.com/viewjob?jk=58bbc332cbf4983a
Editorial Intern- Everyday Health,Everyday Health,"New York, NY 10014 (West Village area)",28 days ago,https://www.indeed.com/viewjob?jk=2479a3ee044380a2
"Intern, Social Media",AccuWeather,"State College, PA",17 days ago,https://www.indeed.com/viewjob?jk=dc764dc7ff136e2e
Digital Producer Internship - Summer 2019,"Star Tribune Media Company, LLC.","Minneapolis, MN",30+ days ago,https://www.indeed.com/viewjob?jk=b395928118db4291
Spring Media Research Intern,Save the Children,"Washington, DC",26 days ago,https://www.indeed.com/viewjob?jk=562f3ae8b5f4df61
Spring Intern: Open Source Policy Center,American Enterprise Institute,"Washington, DC 20036 (Downtown area)",19 days ago,https://www.indeed.com/viewjob?jk=5fe3d2af38b6c9d1
Asst. Leveraged Loan Analyst,S&P Global,"New York, NY",30+ days ago,https://www.indeed.com/viewjob?jk=ff6adca4804b94d2
Institutional Giving Intern - Winter/Spring 2019,NPR,"Washington, DC",25 days ago,https://www.indeed.com/viewjob?jk=1a5a62d48b943ff1
Asst. Leveraged Loan Analyst,S&P GLOBAL MARKET INTELLIGENCE,"New York, NY 10041 (Financial District area)",30+ days ago,https://www.indeed.com/viewjob?jk=2ee64565d1646dbd
"Jr. Content Marketer and Promoter (Harrisburg, PA)",WebpageFX,"Harrisburg, PA",8 days ago,https://www.indeed.com/viewjob?jk=2f344ba5b1d5d592
"Assistant Director, Career Services",Columbia University,"New York, NY",3 days ago,https://www.indeed.com/viewjob?jk=35e101a2650385ef
"Jr Online PR Specialist (Digital Public Relations / Blogger) (Harrisburg, PA)",WebpageFX,"Harrisburg, PA",8 days ago,https://www.indeed.com/viewjob?jk=f4f01cd9ba26acfd
Data Journalist Internship,Turbine Labs,"Greenwood Village, CO",25 days ago,https://www.indeed.com/viewjob?jk=beba161137baf2d1
General Marketing Internship,"MPOWERD, Inc.","New York, NY",2 days ago,https://www.indeed.com/viewjob?jk=f4cb951275d497d0
Journalism Internship,Queens Of Kings Agency,"Atlanta, GA",7 days ago,https://www.indeed.com/viewjob?jk=054139ddbaef3ea7
Part-Time Journalist Intern,"CMMS Data Group, Inc.","Chicago, IL",30+ days ago,https://www.indeed.com/viewjob?jk=248f05af1e6285e4
Systems Engineer - Internship,Cloudflare,"Austin, TX",30+ days ago,https://www.indeed.com/viewjob?jk=c8d458f38e8b1c8c
Part-Time Journalist Intern,CMMS Data Group,"Chicago, IL",30+ days ago,https://www.indeed.com/viewjob?jk=e742c878666927c0
Marketing & Business Development Internship,Studyportals,"Boston, MA",30+ days ago,https://www.indeed.com/viewjob?jk=a2a22fd0516843f6
"STUDENT INTERNSHIP MARKETING, JOURNALISM AND WEBSITE S.E.O.",Certified Accounting,"Chicago, IL",17 days ago,https://www.indeed.com/viewjob?jk=b929e03b3a07a3f8
"Analyst, Domain Expert",Dataminr,"Seattle, WA",30+ days ago,https://www.indeed.com/viewjob?jk=11a8236ba59baa92
"Intern (HR, Finance & Investment, Marketing, and Technology)",Jetzy,"New York, NY",30+ days ago,https://www.indeed.com/viewjob?jk=8afcfebeccb2926c
Graphic design intern,Insider Inc.,"New York, NY 10006 (Financial District area)",30+ days ago,https://www.indeed.com/viewjob?jk=f4ce6eb137f00f43
